Task ID,User Story,Priority,Estimated Hours,Sprint,Status,Comments
US01,"As a student, I want to login via university ID so I can access my profile.",High,4,Sprint 1,Planned,"Core authentication feature; university ID validation required"
US02,"As a teacher, I want to view a real-time list of present students.",High,6,Sprint 1,Planned,"Dashboard requires live data binding; WebSocket integration needed"
US03,"As a system, I want to detect if a student is within 10m of the classroom.",High,8,Sprint 1,Planned,"Core geo-fencing logic; requires location permission handling; battery optimization needed"
US04,"As a student, I want a notification when my attendance is marked.",Medium,3,Sprint 1,Planned,"Push notification integration; local storage of notification history"
US05,"As an admin, I want to manually override attendance for technical errors.",Low,4,Sprint 1,Planned,"Admin dashboard feature; audit trail logging required"
US06,"As a developer, I want to set up CI/CD pipeline for automated deployment.",High,5,Sprint 1,Planned,"GitHub Actions or similar; automated testing on each commit"
US07,"As a student, I want the app to work offline with sync when connection returns.",Medium,5,Sprint 1,Planned,"Local database setup; conflict resolution for sync"
US08,"As a teacher, I want to download attendance reports in CSV format.",Medium,4,Sprint 1,Planned,"Report generation; export functionality"
US09,"As a system, I want to validate classroom location before attendance is marked.",High,6,Sprint 1,Planned,"Geofence accuracy testing; false positive prevention"
US10,"As an admin, I want to configure geo-fence radius per classroom.",Low,3,Sprint 1,Planned,"Admin configuration interface"
US11,"As a student, I want biometric (Face ID) verification during attendance marking.",High,10,Sprint 2,Planned,"New requirement; integrate face recognition API; requires privacy compliance"
US12,"As a system, I want to detect and prevent proxy attendance via biometric matching.",High,8,Sprint 2,Planned,"Liveness detection; anti-spoofing measures"
US13,"As an admin, I want to manage biometric profiles for all students.",Medium,6,Sprint 2,Planned,"Bulk enrollment; re-enrollment process"
US14,"As a student, I want to manage my biometric profile (update/delete).",Medium,4,Sprint 2,Planned,"Privacy controls; GDPR compliance"
US15,"As a system, I want to encrypt and securely store facial recognition data.",High,7,Sprint 2,Planned,"Security compliance; encryption standards"
US16,"As a teacher, I want to see which students require manual verification.",Medium,3,Sprint 2,Planned,"Biometric failure fallback; manual override logging"
US17,"As a developer, I want integration tests between geo-fencing and biometrics.",High,8,Sprint 2,Planned,"End-to-end testing; performance testing"
US18,"As an admin, I want an audit log of all biometric authentication attempts.",Medium,5,Sprint 2,Planned,"Compliance logging; FERPA requirements"
US19,"As a student, I want the option to register my face without classroom visit.",Low,3,Sprint 2,Planned,"Pre-registration feature; convenience enhancement"
US20,"As a system, I want to handle biometric API failures gracefully.",High,5,Sprint 2,Planned,"Fallback to geo-fencing only; error messaging"
